﻿Designator,Quantity,Value,Footprint,Package,MPN,DNP,Mount_Type,LCSC,Description
"C1, C8",2,4.7uF,C_0402_1005Metric,,CL05A475MP5NRNC,,smt,C23733,
"C10, C11, C2, C3, C7, C9",6,100nF,C_0402_1005Metric,,CL05B104KO5NNNC,,smt,C1525,
"C4, C5, C6, CR2",4,1uF,C_0402_1005Metric,,CL05A105KA5NQNC,,smt,C52923,
CR1,1,10uF,C_0402_1005Metric,,CL05A106MQ5NUNC,,smt,C15525,
D1,1,PRTR5V0U2X,SOT-143,,PRTR5V0U2X,,smt,C2827688,
"D10, D11, D12, D13, D14, D15, D16, D17, D18, D19, D2, D20, D21, D22, D23, D24, D25, D26, D27, D28, D29, D3, D30, D31, D32, D33, D34, D35, D36, D37, D38, D39, D4, D40, D41, D42, D43, D44, D45, D46, D47, D48, D49, D5, D50, D51, D52, D53, D54, D55, D56, D57, D58, D59, D6, D60, D61, D62, D63, D64, D65, D66, D67, D68, D69, D7, D70, D71, D72, D73, D74, D75, D76, D77, D78, D79, D8, D80, D81, D82, D83, D84, D85, D86, D87, D88, D89, D9, D90, D91, D92",91,1N4148W,D_SOD-123,,1N4148W,,smt,C81598,
F1,1,500mA,Fuse_1206_3216Metric_Pad1.42x1.75mm_HandSolder,,nSMD050,,smt,C69688,
G1,1,RMI-KB Signature,Signature,,,,tht,,
J1,1,SM04B-SRSS-TB,JST_SH_SM04B-SRSS-TB_1x04-1MP_P1.00mm_Horizontal,,SM04B-SRSS-TB(LF)(SN),,smt,C160404,
J2,1,TC2030_SWD,CON_TC2030_outlined,,,,tht,,6-pin TC2030 connector for SWD programming
"MX1, MX10, MX100, MX102, MX104, MX106, MX107, MX108, MX11, MX112, MX12, MX13, MX14, MX15, MX16, MX17, MX18, MX19, MX2, MX20, MX21, MX25, MX26, MX27, MX28, MX3, MX30, MX31, MX32, MX33, MX34, MX35, MX36, MX37, MX38, MX39, MX4, MX40, MX41, MX42, MX43, MX44, MX45, MX46, MX47, MX49, MX5, MX50, MX51, MX52, MX53, MX54, MX55, MX56, MX57, MX58, MX59, MX6, MX60, MX62, MX63, MX64, MX65, MX67, MX68, MX69, MX7, MX70, MX71, MX72, MX73, MX74, MX75, MX76, MX77, MX78, MX79, MX8, MX81, MX82, MX83, MX84, MX85, MX86, MX87, MX88, MX89, MX9, MX90, MX91, MX92, MX93, MX94, MX96, MX98",95,MX_SW_solder,SW_MX_1u,,,,tht,,"Push button switch, normally open, two pins, 45° tilted"
"MX101, MX103, MX105, MX48, MX61, MX99",6,MX_SW_solder,SW_MX_1.5u,,,,tht,,"Push button switch, normally open, two pins, 45° tilted"
"MX109, MX110, MX111, MX113, MX114, MX115, MX116, MX95",8,MX_SW_solder,SW_MX_1.25u,,,,tht,,"Push button switch, normally open, two pins, 45° tilted"
MX66,1,MX_SW_solder,SW_MX_1.75u_STP_1.25,,,,tht,,"Push button switch, normally open, two pins, 45° tilted"
"MX80, MX97",2,MX_SW_solder,SW_MX_1.75u,,,,tht,,"Push button switch, normally open, two pins, 45° tilted"
QR1,1,2N7002,SOT-23,,2N7002,,smt,C8545,
R3,1,4k7,R_0402_1005Metric,,0402WGF4701TCE,,smt,C25900,
"RGB1, RGB2",2,SK6812MINI-E,LED_6028R,,SK6812MINI-E,,smt,C524051,Reverse mount adressable LED (WS2812 protocol)
RR1,1,33k,R_0402_1005Metric,,0402WGF3302TCE,,smt,C25779,
RR2,1,10k,R_0402_1005Metric,,0402WGF1002TCE,,smt,C25744,
RR3,1,100k,R_0402_1005Metric,,0402WGF1003TCE,,smt,C25741,
S1,1,2u,STAB_MX_2u,,,,tht,,Cherry MX-style stabilizer
S2,1,ISO,STAB_MX_ISO-ROT,,,,tht,,Cherry MX-style stabilizer
"S3, S5",2,2.25u,STAB_MX_2.25u,,,,tht,,Cherry MX-style stabilizer
S4,1,2.75u,STAB_MX_2.75u,,,,tht,,Cherry MX-style stabilizer
S6,1,7u,STAB_MX_7u,,,,tht,,Cherry MX-style stabilizer
S7,1,6.25u,STAB_MX_6.25u,,,,tht,,Cherry MX-style stabilizer
SWR1,1,TS-1187A-B-A-B,SW_SPST_TL3342,,TS-1187A-B-A-B,,smt,C318884,"Push button switch, generic, two pins"
U1,1,XC6206P332MR,SOT-23,,XC6206P332MR-G,,smt,C5446,
U2,1,STM32F072CBT6,LQFP-48_7x7mm_P0.5mm,,STM32F072CBT6,,smt,C81720,
