﻿pos_x,pos_y,rotation,side,designator,mpn,pack,footprint,value,mount_type,place
303.75,-58.95625,-90.0,bottom,C1,CL05A475MP5NRNC,,C_0402_1005Metric,4.7uF,smt,True
313.895,-6.31,-90.0,bottom,C10,CL05B104KO5NNNC,,C_0402_1005Metric,100nF,smt,True
9.25,-68.25,-90.0,bottom,C11,CL05B104KO5NNNC,,C_0402_1005Metric,100nF,smt,True
302.5,-58.95625,-90.0,bottom,C2,CL05B104KO5NNNC,,C_0402_1005Metric,100nF,smt,True
315.5,-64.95625,90.0,bottom,C3,CL05B104KO5NNNC,,C_0402_1005Metric,100nF,smt,True
281.5,-32.29375,0.0,bottom,C4,CL05A105KA5NQNC,,C_0402_1005Metric,1uF,smt,True
280.5,-37.725,180.0,bottom,C5,CL05A105KA5NQNC,,C_0402_1005Metric,1uF,smt,True
308.5,-68.95625,0.0,bottom,C6,CL05A105KA5NQNC,,C_0402_1005Metric,1uF,smt,True
308.5,-67.70625,0.0,bottom,C7,CL05B104KO5NNNC,,C_0402_1005Metric,100nF,smt,True
312.5,-54.70625,180.0,bottom,C8,CL05A475MP5NRNC,,C_0402_1005Metric,4.7uF,smt,True
312.5,-55.95625,180.0,bottom,C9,CL05B104KO5NNNC,,C_0402_1005Metric,100nF,smt,True
21.5,-56.3125,-90.0,bottom,CR1,CL05A106MQ5NUNC,,C_0402_1005Metric,10uF,smt,True
15.25,-56.3125,90.0,bottom,CR2,CL05A105KA5NQNC,,C_0402_1005Metric,1uF,smt,True
278.60625,-28.575,0.0,bottom,D1,PRTR5V0U2X,,SOT-143,PRTR5V0U2X,smt,True
165.1,-1.5875,90.0,bottom,D10,1N4148W,,D_SOD-123,1N4148W,smt,True
188.9125,-1.5875,90.0,bottom,D11,1N4148W,,D_SOD-123,1N4148W,smt,True
212.725,-1.5875,90.0,bottom,D12,1N4148W,,D_SOD-123,1N4148W,smt,True
231.775,-1.5875,90.0,bottom,D13,1N4148W,,D_SOD-123,1N4148W,smt,True
250.825,-1.5875,90.0,bottom,D14,1N4148W,,D_SOD-123,1N4148W,smt,True
269.875,-1.5875,90.0,bottom,D15,1N4148W,,D_SOD-123,1N4148W,smt,True
293.6875,-1.5875,90.0,bottom,D16,1N4148W,,D_SOD-123,1N4148W,smt,True
316.70625,-1.5875,90.0,bottom,D17,1N4148W,,D_SOD-123,1N4148W,smt,True
331.7875,-1.5875,90.0,bottom,D18,1N4148W,,D_SOD-123,1N4148W,smt,True
3.175,-25.4,90.0,bottom,D19,1N4148W,,D_SOD-123,1N4148W,smt,True
3.175,-1.5875,90.0,bottom,D2,1N4148W,,D_SOD-123,1N4148W,smt,True
22.225,-25.4,90.0,bottom,D20,1N4148W,,D_SOD-123,1N4148W,smt,True
41.275,-25.4,90.0,bottom,D21,1N4148W,,D_SOD-123,1N4148W,smt,True
60.325,-25.4,90.0,bottom,D22,1N4148W,,D_SOD-123,1N4148W,smt,True
79.375,-25.4,90.0,bottom,D23,1N4148W,,D_SOD-123,1N4148W,smt,True
98.425,-25.4,90.0,bottom,D24,1N4148W,,D_SOD-123,1N4148W,smt,True
117.475,-25.4,90.0,bottom,D25,1N4148W,,D_SOD-123,1N4148W,smt,True
136.525,-25.4,90.0,bottom,D26,1N4148W,,D_SOD-123,1N4148W,smt,True
155.575,-25.4,90.0,bottom,D27,1N4148W,,D_SOD-123,1N4148W,smt,True
174.625,-25.4,90.0,bottom,D28,1N4148W,,D_SOD-123,1N4148W,smt,True
193.675,-25.4,90.0,bottom,D29,1N4148W,,D_SOD-123,1N4148W,smt,True
26.9875,-1.5875,90.0,bottom,D3,1N4148W,,D_SOD-123,1N4148W,smt,True
212.725,-25.4,90.0,bottom,D30,1N4148W,,D_SOD-123,1N4148W,smt,True
231.775,-25.4,90.0,bottom,D31,1N4148W,,D_SOD-123,1N4148W,smt,True
240.50625,-25.4,90.0,bottom,D32,1N4148W,,D_SOD-123,1N4148W,smt,True
293.6875,-25.4,90.0,bottom,D33,1N4148W,,D_SOD-123,1N4148W,smt,True
312.7375,-25.4,90.0,bottom,D34,1N4148W,,D_SOD-123,1N4148W,smt,True
331.7875,-25.4,90.0,bottom,D35,1N4148W,,D_SOD-123,1N4148W,smt,True
7.9375,-44.45,90.0,bottom,D36,1N4148W,,D_SOD-123,1N4148W,smt,True
31.75,-44.45,90.0,bottom,D37,1N4148W,,D_SOD-123,1N4148W,smt,True
50.8,-44.45,90.0,bottom,D38,1N4148W,,D_SOD-123,1N4148W,smt,True
69.85,-44.45,90.0,bottom,D39,1N4148W,,D_SOD-123,1N4148W,smt,True
46.0375,-1.5875,90.0,bottom,D4,1N4148W,,D_SOD-123,1N4148W,smt,True
88.9,-44.45,90.0,bottom,D40,1N4148W,,D_SOD-123,1N4148W,smt,True
107.95,-44.45,90.0,bottom,D41,1N4148W,,D_SOD-123,1N4148W,smt,True
127.0,-44.45,90.0,bottom,D42,1N4148W,,D_SOD-123,1N4148W,smt,True
146.05,-44.45,90.0,bottom,D43,1N4148W,,D_SOD-123,1N4148W,smt,True
165.1,-44.45,90.0,bottom,D44,1N4148W,,D_SOD-123,1N4148W,smt,True
184.15,-44.45,90.0,bottom,D45,1N4148W,,D_SOD-123,1N4148W,smt,True
203.2,-44.45,90.0,bottom,D46,1N4148W,,D_SOD-123,1N4148W,smt,True
222.25,-44.45,90.0,bottom,D47,1N4148W,,D_SOD-123,1N4148W,smt,True
241.3,-44.45,90.0,bottom,D48,1N4148W,,D_SOD-123,1N4148W,smt,True
252.4125,-44.45,90.0,bottom,D49,1N4148W,,D_SOD-123,1N4148W,smt,True
65.0875,-1.5875,90.0,bottom,D5,1N4148W,,D_SOD-123,1N4148W,smt,True
293.6875,-44.45,90.0,bottom,D50,1N4148W,,D_SOD-123,1N4148W,smt,True
312.7375,-44.45,90.0,bottom,D51,1N4148W,,D_SOD-123,1N4148W,smt,True
331.7875,-44.45,90.0,bottom,D52,1N4148W,,D_SOD-123,1N4148W,smt,True
10.31875,-63.5,90.0,bottom,D53,1N4148W,,D_SOD-123,1N4148W,smt,True
36.5125,-63.5,90.0,bottom,D54,1N4148W,,D_SOD-123,1N4148W,smt,True
55.5625,-63.5,90.0,bottom,D55,1N4148W,,D_SOD-123,1N4148W,smt,True
74.6125,-63.5,90.0,bottom,D56,1N4148W,,D_SOD-123,1N4148W,smt,True
93.6625,-63.5,90.0,bottom,D57,1N4148W,,D_SOD-123,1N4148W,smt,True
112.7125,-63.5,90.0,bottom,D58,1N4148W,,D_SOD-123,1N4148W,smt,True
131.7625,-63.5,90.0,bottom,D59,1N4148W,,D_SOD-123,1N4148W,smt,True
84.1375,-1.5875,90.0,bottom,D6,1N4148W,,D_SOD-123,1N4148W,smt,True
150.8125,-63.5,90.0,bottom,D60,1N4148W,,D_SOD-123,1N4148W,smt,True
169.8625,-63.5,90.0,bottom,D61,1N4148W,,D_SOD-123,1N4148W,smt,True
188.9125,-63.5,90.0,bottom,D62,1N4148W,,D_SOD-123,1N4148W,smt,True
207.9625,-63.5,90.0,bottom,D63,1N4148W,,D_SOD-123,1N4148W,smt,True
227.0125,-63.5,90.0,bottom,D64,1N4148W,,D_SOD-123,1N4148W,smt,True
235.74375,-63.5,90.0,bottom,D65,1N4148W,,D_SOD-123,1N4148W,smt,True
273.84375,-23.8125,90.0,bottom,D66,1N4148W,,D_SOD-123,1N4148W,smt,True
15.08125,-82.55,90.0,bottom,D67,1N4148W,,D_SOD-123,1N4148W,smt,True
30.95625,-82.55,90.0,bottom,D68,1N4148W,,D_SOD-123,1N4148W,smt,True
46.0375,-82.55,90.0,bottom,D69,1N4148W,,D_SOD-123,1N4148W,smt,True
107.95,-1.5875,90.0,bottom,D7,1N4148W,,D_SOD-123,1N4148W,smt,True
65.0875,-82.55,90.0,bottom,D70,1N4148W,,D_SOD-123,1N4148W,smt,True
84.1375,-82.55,90.0,bottom,D71,1N4148W,,D_SOD-123,1N4148W,smt,True
103.1875,-82.55,90.0,bottom,D72,1N4148W,,D_SOD-123,1N4148W,smt,True
122.2375,-82.55,90.0,bottom,D73,1N4148W,,D_SOD-123,1N4148W,smt,True
141.2875,-82.55,90.0,bottom,D74,1N4148W,,D_SOD-123,1N4148W,smt,True
160.3375,-82.55,90.0,bottom,D75,1N4148W,,D_SOD-123,1N4148W,smt,True
179.3875,-82.55,90.0,bottom,D76,1N4148W,,D_SOD-123,1N4148W,smt,True
192.0875,-82.55,90.0,bottom,D77,1N4148W,,D_SOD-123,1N4148W,smt,True
217.4875,-82.55,90.0,bottom,D78,1N4148W,,D_SOD-123,1N4148W,smt,True
253.20625,-82.55,90.0,bottom,D79,1N4148W,,D_SOD-123,1N4148W,smt,True
127.0,-1.5875,90.0,bottom,D8,1N4148W,,D_SOD-123,1N4148W,smt,True
269.875,-82.55,90.0,bottom,D80,1N4148W,,D_SOD-123,1N4148W,smt,True
312.7375,-82.55,90.0,bottom,D81,1N4148W,,D_SOD-123,1N4148W,smt,True
11.90625,-101.6,90.0,bottom,D82,1N4148W,,D_SOD-123,1N4148W,smt,True
35.71875,-101.6,90.0,bottom,D83,1N4148W,,D_SOD-123,1N4148W,smt,True
59.53125,-101.6,90.0,bottom,D84,1N4148W,,D_SOD-123,1N4148W,smt,True
136.525,-101.6,90.0,bottom,D85,1N4148W,,D_SOD-123,1N4148W,smt,True
185.7375,-101.6,90.0,bottom,D86,1N4148W,,D_SOD-123,1N4148W,smt,True
207.16875,-101.6,90.0,bottom,D87,1N4148W,,D_SOD-123,1N4148W,smt,True
230.98125,-101.6,90.0,bottom,D88,1N4148W,,D_SOD-123,1N4148W,smt,True
254.79375,-101.6,90.0,bottom,D89,1N4148W,,D_SOD-123,1N4148W,smt,True
146.05,-1.5875,90.0,bottom,D9,1N4148W,,D_SOD-123,1N4148W,smt,True
293.6875,-101.6,90.0,bottom,D90,1N4148W,,D_SOD-123,1N4148W,smt,True
312.7375,-101.6,90.0,bottom,D91,1N4148W,,D_SOD-123,1N4148W,smt,True
331.7875,-101.6,90.0,bottom,D92,1N4148W,,D_SOD-123,1N4148W,smt,True
278.60625,-23.8125,180.0,bottom,F1,nSMD050,,Fuse_1206_3216Metric_Pad1.42x1.75mm_HandSolder,500mA,smt,True
157.1625,-99.75,180.0,bottom,G1,,,Signature,RMI-KB Signature,tht,False
273.20625,6.886812,0.0,top,H1,,,Hole_0.6mm,0.6mm,tht,False
284.00625,6.886812,0.0,top,H10,,,Hole_0.6mm,0.6mm,tht,False
274.40625,6.886812,0.0,top,H2,,,Hole_0.6mm,0.6mm,tht,False
275.60625,6.886812,0.0,top,H3,,,Hole_0.6mm_Pad,0.6mm,tht,False
276.80625,6.886812,0.0,top,H4,,,Hole_0.6mm_Pad,0.6mm,tht,False
278.00625,6.886812,0.0,top,H5,,,Hole_0.6mm_Pad,0.6mm,tht,False
279.20625,6.886812,0.0,top,H6,,,Hole_0.6mm_Pad,0.6mm,tht,False
280.40625,6.886812,0.0,top,H7,,,Hole_0.6mm_Pad,0.6mm,tht,False
281.60625,6.886812,0.0,top,H8,,,Hole_0.6mm_Pad,0.6mm,tht,False
282.80625,6.886812,0.0,top,H9,,,Hole_0.6mm,0.6mm,tht,False
278.60625,-16.10361,0.0,bottom,J1,SM04B-SRSS-TB(LF)(SN),,JST_SH_SM04B-SRSS-TB_1x04-1MP_P1.00mm_Horizontal,SM04B-SRSS-TB,smt,True
321.31,-55.25,-90.0,bottom,J2,,,CON_TC2030_outlined,TC2030_SWD,tht,False
0.0,-0.0,0.0,top,MX1,,,SW_MX_1u,MX_SW_solder,tht,False
185.7375,-0.0,0.0,top,MX10,,,SW_MX_1u,MX_SW_solder,tht,False
28.575,-100.0125,0.0,top,MX100,,,SW_MX_1u,MX_SW_solder,tht,False
52.3875,-100.0125,0.0,top,MX101,,,SW_MX_1.5u,MX_SW_solder,tht,False
133.35,-100.0125,0.0,top,MX102,,,SW_MX_1u,MX_SW_solder,tht,False
214.3125,-100.0125,0.0,top,MX103,,,SW_MX_1.5u,MX_SW_solder,tht,False
238.125,-100.0125,0.0,top,MX104,,,SW_MX_1u,MX_SW_solder,tht,False
261.9375,-100.0125,0.0,top,MX105,,,SW_MX_1.5u,MX_SW_solder,tht,False
290.5125,-100.0125,0.0,top,MX106,,,SW_MX_1u,MX_SW_solder,tht,False
309.5625,-100.0125,0.0,top,MX107,,,SW_MX_1u,MX_SW_solder,tht,False
328.6125,-100.0125,0.0,top,MX108,,,SW_MX_1u,MX_SW_solder,tht,False
2.38125,-100.0125,0.0,top,MX109,,,SW_MX_1.25u,MX_SW_solder,tht,False
204.7875,-0.0,0.0,top,MX11,,,SW_MX_1u,MX_SW_solder,tht,False
26.19375,-100.0125,0.0,top,MX110,,,SW_MX_1.25u,MX_SW_solder,tht,False
50.00625,-100.0125,0.0,top,MX111,,,SW_MX_1.25u,MX_SW_solder,tht,False
121.44375,-100.0125,0.0,top,MX112,,,SW_MX_1u,MX_SW_solder,tht,False
192.88125,-100.0125,0.0,top,MX113,,,SW_MX_1.25u,MX_SW_solder,tht,False
216.69375,-100.0125,0.0,top,MX114,,,SW_MX_1.25u,MX_SW_solder,tht,False
240.50625,-100.0125,0.0,top,MX115,,,SW_MX_1.25u,MX_SW_solder,tht,False
264.31875,-100.0125,0.0,top,MX116,,,SW_MX_1.25u,MX_SW_solder,tht,False
223.8375,-0.0,0.0,top,MX12,,,SW_MX_1u,MX_SW_solder,tht,False
242.8875,-0.0,0.0,top,MX13,,,SW_MX_1u,MX_SW_solder,tht,False
266.7,-0.0,0.0,top,MX14,,,SW_MX_1u,MX_SW_solder,tht,False
290.5125,-0.0,0.0,top,MX15,,,SW_MX_1u,MX_SW_solder,tht,False
309.5625,-0.0,0.0,top,MX16,,,SW_MX_1u,MX_SW_solder,tht,False
328.6125,-0.0,0.0,top,MX17,,,SW_MX_1u,MX_SW_solder,tht,False
38.1,-0.0,0.0,top,MX18,,,SW_MX_1u,MX_SW_solder,tht,False
57.15,-0.0,0.0,top,MX19,,,SW_MX_1u,MX_SW_solder,tht,False
23.8125,-0.0,0.0,top,MX2,,,SW_MX_1u,MX_SW_solder,tht,False
76.2,-0.0,0.0,top,MX20,,,SW_MX_1u,MX_SW_solder,tht,False
95.25,-0.0,0.0,top,MX21,,,SW_MX_1u,MX_SW_solder,tht,False
180.975,-0.0,0.0,top,MX25,,,SW_MX_1u,MX_SW_solder,tht,False
209.55,-0.0,0.0,top,MX26,,,SW_MX_1u,MX_SW_solder,tht,False
228.6,-0.0,0.0,top,MX27,,,SW_MX_1u,MX_SW_solder,tht,False
247.65,-0.0,0.0,top,MX28,,,SW_MX_1u,MX_SW_solder,tht,False
42.8625,-0.0,0.0,top,MX3,,,SW_MX_1u,MX_SW_solder,tht,False
0.0,-23.8125,0.0,top,MX30,,,SW_MX_1u,MX_SW_solder,tht,False
19.05,-23.8125,0.0,top,MX31,,,SW_MX_1u,MX_SW_solder,tht,False
38.1,-23.8125,0.0,top,MX32,,,SW_MX_1u,MX_SW_solder,tht,False
57.15,-23.8125,0.0,top,MX33,,,SW_MX_1u,MX_SW_solder,tht,False
76.2,-23.8125,0.0,top,MX34,,,SW_MX_1u,MX_SW_solder,tht,False
95.25,-23.8125,0.0,top,MX35,,,SW_MX_1u,MX_SW_solder,tht,False
114.3,-23.8125,0.0,top,MX36,,,SW_MX_1u,MX_SW_solder,tht,False
133.35,-23.8125,0.0,top,MX37,,,SW_MX_1u,MX_SW_solder,tht,False
152.4,-23.8125,0.0,top,MX38,,,SW_MX_1u,MX_SW_solder,tht,False
171.45,-23.8125,0.0,top,MX39,,,SW_MX_1u,MX_SW_solder,tht,False
61.9125,-0.0,0.0,top,MX4,,,SW_MX_1u,MX_SW_solder,tht,False
190.5,-23.8125,0.0,top,MX40,,,SW_MX_1u,MX_SW_solder,tht,False
209.55,-23.8125,0.0,top,MX41,,,SW_MX_1u,MX_SW_solder,tht,False
228.6,-23.8125,0.0,top,MX42,,,SW_MX_1u,MX_SW_solder,tht,False
257.175,-23.8125,0.0,top,MX43,,,SW_MX_1u,MX_SW_solder,tht,False
290.5125,-23.8125,0.0,top,MX44,,,SW_MX_1u,MX_SW_solder,tht,False
309.5625,-23.8125,0.0,top,MX45,,,SW_MX_1u,MX_SW_solder,tht,False
328.6125,-23.8125,0.0,top,MX46,,,SW_MX_1u,MX_SW_solder,tht,False
247.65,-23.8125,0.0,top,MX47,,,SW_MX_1u,MX_SW_solder,tht,False
4.7625,-42.8625,0.0,top,MX48,,,SW_MX_1.5u,MX_SW_solder,tht,False
28.575,-42.8625,0.0,top,MX49,,,SW_MX_1u,MX_SW_solder,tht,False
80.9625,-0.0,0.0,top,MX5,,,SW_MX_1u,MX_SW_solder,tht,False
47.625,-42.8625,0.0,top,MX50,,,SW_MX_1u,MX_SW_solder,tht,False
66.675,-42.8625,0.0,top,MX51,,,SW_MX_1u,MX_SW_solder,tht,False
85.725,-42.8625,0.0,top,MX52,,,SW_MX_1u,MX_SW_solder,tht,False
104.775,-42.8625,0.0,top,MX53,,,SW_MX_1u,MX_SW_solder,tht,False
123.825,-42.8625,0.0,top,MX54,,,SW_MX_1u,MX_SW_solder,tht,False
142.875,-42.8625,0.0,top,MX55,,,SW_MX_1u,MX_SW_solder,tht,False
161.925,-42.8625,0.0,top,MX56,,,SW_MX_1u,MX_SW_solder,tht,False
180.975,-42.8625,0.0,top,MX57,,,SW_MX_1u,MX_SW_solder,tht,False
200.025,-42.8625,0.0,top,MX58,,,SW_MX_1u,MX_SW_solder,tht,False
219.075,-42.8625,0.0,top,MX59,,,SW_MX_1u,MX_SW_solder,tht,False
104.775,-0.0,0.0,top,MX6,,,SW_MX_1u,MX_SW_solder,tht,False
238.125,-42.8625,0.0,top,MX60,,,SW_MX_1u,MX_SW_solder,tht,False
261.9375,-42.8625,0.0,top,MX61,,,SW_MX_1.5u,MX_SW_solder,tht,False
290.5125,-42.8625,0.0,top,MX62,,,SW_MX_1u,MX_SW_solder,tht,False
309.5625,-42.8625,0.0,top,MX63,,,SW_MX_1u,MX_SW_solder,tht,False
328.6125,-42.8625,0.0,top,MX64,,,SW_MX_1u,MX_SW_solder,tht,False
264.31875,-52.3875,-90.0,top,MX65,,,SW_MX_1u,MX_SW_solder,tht,False
2.38125,-61.9125,0.0,top,MX66,,,SW_MX_1.75u_STP_1.25,MX_SW_solder,tht,False
33.3375,-61.9125,0.0,top,MX67,,,SW_MX_1u,MX_SW_solder,tht,False
52.3875,-61.9125,0.0,top,MX68,,,SW_MX_1u,MX_SW_solder,tht,False
71.4375,-61.9125,0.0,top,MX69,,,SW_MX_1u,MX_SW_solder,tht,False
123.825,-0.0,0.0,top,MX7,,,SW_MX_1u,MX_SW_solder,tht,False
90.4875,-61.9125,0.0,top,MX70,,,SW_MX_1u,MX_SW_solder,tht,False
109.5375,-61.9125,0.0,top,MX71,,,SW_MX_1u,MX_SW_solder,tht,False
128.5875,-61.9125,0.0,top,MX72,,,SW_MX_1u,MX_SW_solder,tht,False
147.6375,-61.9125,0.0,top,MX73,,,SW_MX_1u,MX_SW_solder,tht,False
166.6875,-61.9125,0.0,top,MX74,,,SW_MX_1u,MX_SW_solder,tht,False
185.7375,-61.9125,0.0,top,MX75,,,SW_MX_1u,MX_SW_solder,tht,False
204.7875,-61.9125,0.0,top,MX76,,,SW_MX_1u,MX_SW_solder,tht,False
223.8375,-61.9125,0.0,top,MX77,,,SW_MX_1u,MX_SW_solder,tht,False
254.79375,-61.9125,0.0,top,MX78,,,SW_MX_1u,MX_SW_solder,tht,False
266.7,-23.8125,0.0,top,MX79,,,SW_MX_1u,MX_SW_solder,tht,False
142.875,-0.0,0.0,top,MX8,,,SW_MX_1u,MX_SW_solder,tht,False
7.14375,-61.9125,0.0,top,MX80,,,SW_MX_1.75u,MX_SW_solder,tht,False
242.8875,-61.9125,0.0,top,MX81,,,SW_MX_1u,MX_SW_solder,tht,False
11.90625,-80.9625,0.0,top,MX82,,,SW_MX_1u,MX_SW_solder,tht,False
42.8625,-80.9625,0.0,top,MX83,,,SW_MX_1u,MX_SW_solder,tht,False
61.9125,-80.9625,0.0,top,MX84,,,SW_MX_1u,MX_SW_solder,tht,False
80.9625,-80.9625,0.0,top,MX85,,,SW_MX_1u,MX_SW_solder,tht,False
100.0125,-80.9625,0.0,top,MX86,,,SW_MX_1u,MX_SW_solder,tht,False
119.0625,-80.9625,0.0,top,MX87,,,SW_MX_1u,MX_SW_solder,tht,False
138.1125,-80.9625,0.0,top,MX88,,,SW_MX_1u,MX_SW_solder,tht,False
157.1625,-80.9625,0.0,top,MX89,,,SW_MX_1u,MX_SW_solder,tht,False
161.925,-0.0,0.0,top,MX9,,,SW_MX_1u,MX_SW_solder,tht,False
176.2125,-80.9625,0.0,top,MX90,,,SW_MX_1u,MX_SW_solder,tht,False
195.2625,-80.9625,0.0,top,MX91,,,SW_MX_1u,MX_SW_solder,tht,False
214.3125,-80.9625,0.0,top,MX92,,,SW_MX_1u,MX_SW_solder,tht,False
250.03125,-80.9625,0.0,top,MX93,,,SW_MX_1u,MX_SW_solder,tht,False
309.5625,-80.9625,0.0,top,MX94,,,SW_MX_1u,MX_SW_solder,tht,False
2.38125,-80.9625,0.0,top,MX95,,,SW_MX_1.25u,MX_SW_solder,tht,False
23.8125,-80.9625,0.0,top,MX96,,,SW_MX_1u,MX_SW_solder,tht,False
240.50625,-80.9625,0.0,top,MX97,,,SW_MX_1.75u,MX_SW_solder,tht,False
266.7,-80.9625,0.0,top,MX98,,,SW_MX_1u,MX_SW_solder,tht,False
4.7625,-100.0125,0.0,top,MX99,,,SW_MX_1.5u,MX_SW_solder,tht,False
17.75,-55.3125,90.0,bottom,QR1,2N7002,,SOT-23,2N7002,smt,True
277.01875,4.7625,-90.0,bottom,R1,0402WGF5101TCE,,R_0402_1005Metric,5k1,smt,True
280.19375,4.7625,-90.0,bottom,R2,0402WGF5101TCE,,R_0402_1005Metric,5k1,smt,True
309.5625,-7.9375,0.0,bottom,R3,0402WGF4701TCE,,R_0402_1005Metric,4k7,smt,True
309.5625,-5.08,0.0,bottom,RGB1,SK6812MINI-E,,LED_6028R,SK6812MINI-E,smt,True
4.7625,-66.9925,0.0,bottom,RGB2,SK6812MINI-E,,LED_6028R,SK6812MINI-E,smt,True
15.25,-58.51,90.0,bottom,RR1,0402WGF3302TCE,,R_0402_1005Metric,33k,smt,True
22.75,-56.3125,-90.0,bottom,RR2,0402WGF1002TCE,,R_0402_1005Metric,10k,smt,True
20.25,-56.3125,90.0,bottom,RR3,0402WGF1003TCE,,R_0402_1005Metric,100k,smt,True
257.175,-23.8125,0.0,top,S1,,,STAB_MX_2u,2u,tht,False
264.31875,-52.3875,0.0,top,S2,,,STAB_MX_ISO-ROT,ISO,tht,False
254.79375,-61.9125,0.0,top,S3,,,STAB_MX_2.25u,2.25u,tht,False
250.03125,-80.9625,0.0,top,S4,,,STAB_MX_2.75u,2.75u,tht,False
11.90625,-80.9625,0.0,top,S5,,,STAB_MX_2.25u,2.25u,tht,False
133.35,-100.0125,180.0,top,S6,,,STAB_MX_7u,7u,tht,False
121.44375,-100.0125,180.0,top,S7,,,STAB_MX_6.25u,6.25u,tht,False
20.240625,-61.9125,-90.0,bottom,SWR1,TS-1187A-B-A-B,,SW_SPST_TL3342,TS-1187A-B-A-B,smt,True
281.0,-35.0,90.0,bottom,U1,XC6206P332MR-G,,SOT-23,XC6206P332MR,smt,True
309.5625,-61.9125,90.0,bottom,U2,STM32F072CBT6,,LQFP-48_7x7mm_P0.5mm,STM32F072CBT6,smt,True
278.60625,13.0,180.0,top,USB1,TYPE-C-31-M-12,,USB_C_Receptacle_HRO_TYPE-C-31-M-12,USB_C_Receptacle_USB2.0_16P,smt,True
